estación,localidad,zona
(09104) Restrepo,ANTONIO NARIÑO,Suroriental
(09105) Río Fucha,ANTONIO NARIÑO,Suroriental
(09106) Nariño,ANTONIO NARIÑO,Suroriental
(09107) Hortúa,ANTONIO NARIÑO,Suroriental
(10003) Ciudad Jardín,ANTONIO NARIÑO,Suroriental
(1936) L011|Ciudad Jard�UAN B - 1,ANTONIO NARIÑO,Suroriental
(1979) L054|Av. 1� de Mayo C - 1,ANTONIO NARIÑO,Suroriental
(1981) L056|Av. 1� de Mayo B - 2,ANTONIO NARIÑO,Suroriental
(1982) L057|Av. 1� de Mayo A - 1,ANTONIO NARIÑO,Suroriental
(1983) L058|Av. 1� de Mayo A - 2,ANTONIO NARIÑO,Suroriental
(61981),ANTONIO NARIÑO,Suroriental
(61981) L056|Av. 1  de Mayo B - 2 ó 5,ANTONIO NARIÑO,Suroriental
(61981) L056|Av. 1º de Mayo B - 2 ó 5,ANTONIO NARIÑO,Suroriental
(61983),ANTONIO NARIÑO,Suroriental
(61983) L058|Av. 1 de Mayo A - 2 ó 5,ANTONIO NARIÑO,Suroriental
(61983) L058|Av. 1º de Mayo A - 2 ó 5,ANTONIO NARIÑO,Suroriental
(73765),ANTONIO NARIÑO,Suroriental
(73765) BD-011A12|Av. Caracas - CL67A Bis Sur,ANTONIO NARIÑO,Suroriental
(02300) Calle 100 - Marketmedios,BARRIOS UNIDOS,Centro oriental
(03012) SUBA - CALLE 95,BARRIOS UNIDOS,Centro oriental
(03013) RIO NEGRO,BARRIOS UNIDOS,Centro oriental
(03014) SAN MARTIN,BARRIOS UNIDOS,Centro oriental
(04105) Carrera 53,BARRIOS UNIDOS,Centro oriental
(04106) Carrera 47,BARRIOS UNIDOS,Centro oriental
(04107) Escuela Militar,BARRIOS UNIDOS,Centro oriental
(04108) El Polo,BARRIOS UNIDOS,Centro oriental
(04108) Polo –  FINCOMERCIO,BARRIOS UNIDOS,Centro oriental
(07101) CASTELLANA,BARRIOS UNIDOS,Centro oriental
(07102) Calle 75 - Zona M,BARRIOS UNIDOS,Centro oriental
(07103) AV. CHILE,BARRIOS UNIDOS,Centro oriental
(07104) 7 de Agosto,BARRIOS UNIDOS,Centro oriental
(09121) Flores – Areandina,BARRIOS UNIDOS,Centro oriental
(09121) Las Flores,BARRIOS UNIDOS,Centro oriental
(13411) PA13411|Cra. 47 A - 4,BARRIOS UNIDOS,Centro oriental
(13412) PA13412|Cra. 47 A - 2,BARRIOS UNIDOS,Centro oriental
(13569) PA13569|Polo B - 4,BARRIOS UNIDOS,Centro oriental
(13570),BARRIOS UNIDOS,Centro oriental
(13653) PA13653|Polo B -7,BARRIOS UNIDOS,Centro oriental
(1484) D015|Cra. 47 B - 1,BARRIOS UNIDOS,Centro oriental
(1520) 246A01_CE|246A01,BARRIOS UNIDOS,Centro oriental
(1523) D054|Polo C - 2,BARRIOS UNIDOS,Centro oriental
(61523),BARRIOS UNIDOS,Centro oriental
(61523) D054|Polo C - 2 ó 5,BARRIOS UNIDOS,Centro oriental
(73411),BARRIOS UNIDOS,Centro oriental
(73411) PA73411|Cra. 47 A - 4 ó 6,BARRIOS UNIDOS,Centro oriental
(73412),BARRIOS UNIDOS,Centro oriental
(73412) PA73412|Cra. 47 A - 2 ó 5,BARRIOS UNIDOS,Centro oriental
(73569),BARRIOS UNIDOS,Centro oriental
(73569) PA73569|Polo B - 4 ó 6,BARRIOS UNIDOS,Centro oriental
(73653),BARRIOS UNIDOS,Centro oriental
(73653) PA73653|Polo B -7,BARRIOS UNIDOS,Centro oriental
(07000) Portal Sur,BOSA,Sur Occidental
(07000) Portal Sur JFK Coop. Financiera,BOSA,Sur Occidental
(07001) PERDOMO,BOSA,Sur Occidental
(10006) SAN VICTORINO - NEOS CENTRO,CANDELARIA,Centro
(1988) L063|San Victorino A - 3,CANDELARIA,Centro
(1992) L067|San Victorino C - 4,CANDELARIA,Centro
(1996) L071|San Victorino B - 2,CANDELARIA,Centro
(61988) L063|San Victorino A - 3 ó 6,CANDELARIA,Centro
(61992),CANDELARIA,Centro
(61992) L067|San Victorino C - 4 ó 6,CANDELARIA,Centro
(61994),CANDELARIA,Centro
(61994) L069|San Victorino C - 2 ó 5,CANDELARIA,Centro
(61996),CANDELARIA,Centro
(61996) L071|San Victorino B - 2 ó 5,CANDELARIA,Centro
(02302) Virrey,CHAPINERO,Centro oriental
(02303) Calle 85,CHAPINERO,Centro oriental
(02304) Heroes - Gel hada,CHAPINERO,Centro oriental
(09117) Calle 45,CHAPINERO,Centro oriental
(09118) Marly,CHAPINERO,Centro oriental
(09119) Calle 57,CHAPINERO,Centro oriental
(09120) Calle 63,CHAPINERO,Centro oriental
(09122) Calle 72,CHAPINERO,Centro oriental
(09123) Calle 76 - San Felipe,CHAPINERO,Centro oriental
(11359) 226A00-Pedagogica,CHAPINERO,Centro oriental
(11362) Pto. Ret_Dual,CHAPINERO,Centro oriental
(11379) BD-005A|K7 - CL40 S/N A,CHAPINERO,Centro oriental
(11380) BD-007A|K7  -  CL45,CHAPINERO,Centro oriental
(11381) BD-009A|K7 - CL50,CHAPINERO,Centro oriental
(11382) BD-011A|K7 - CL57,CHAPINERO,Centro oriental
(11383) BD-013A|K7 - CL61,CHAPINERO,Centro oriental
(11384) BD-015A|K7 - CL66,CHAPINERO,Centro oriental
(11385) BD-017B|K7 - CL70A S/N B,CHAPINERO,Centro oriental
(11386) BD-019A|K7 - CL73 S/N A,CHAPINERO,Centro oriental
(11388) BD-021A|K11 - CL70A,CHAPINERO,Centro oriental
(11389) BD-022A|K13 - CL66,CHAPINERO,Centro oriental
(11390) BD-023A|K13 - CL60,CHAPINERO,Centro oriental
(11391) BD-024A|K13 - CL55,CHAPINERO,Centro oriental
(11392) BD-025A|K13 - CL52,CHAPINERO,Centro oriental
(11394) BD-027A|K13 - CL43A,CHAPINERO,Centro oriental
(11408) BD-018B|K7 - CL71 N/S B,CHAPINERO,Centro oriental
(11409) BD-016A|K7- CL66 N/S A,CHAPINERO,Centro oriental
(11410) BD-014A|K7 - CL60 N/S A,CHAPINERO,Centro oriental
(11411) BD-012A|K7 - CL55 N/S A,CHAPINERO,Centro oriental
(11412) BD-010A|K7 - CL51,CHAPINERO,Centro oriental
(11413) BD-008A|K7 - CL45,CHAPINERO,Centro oriental
(11414) BD-006A|K7 - CL40 N/S A,CHAPINERO,Centro oriental
(11439) BD-050A_SU|CL72 - K10,CHAPINERO,Centro oriental
(11471) BD-051A_SU|CL76 - K11,CHAPINERO,Centro oriental
(11507) BD-038A|K7  -  CL94,CHAPINERO,Centro oriental
(11508) BD-036A|K7 - CL90,CHAPINERO,Centro oriental
(11509) BD-034A|K7  -  CL86,CHAPINERO,Centro oriental
(11510) BD-032A|K7  -  CL81,CHAPINERO,Centro oriental
(11511) BD-029B|K7 - CL74 N/S B,CHAPINERO,Centro oriental
(11518) BD-043A|K11 - CL95,CHAPINERO,Centro oriental
(11519) BD-044A|K11 - CL93,CHAPINERO,Centro oriental
(11520) BD-045A|K11 - CL86A,CHAPINERO,Centro oriental
(11521) BD-046A|K11 - CL82,CHAPINERO,Centro oriental
(11522) BD-020A|K11  -  CL75,CHAPINERO,Centro oriental
(11594) BD-033A00_|K7- CL82,CHAPINERO,Centro oriental
(11595) BD-035A01|K7 - CL87,CHAPINERO,Centro oriental
(11596) BD-037A00_|K7 - CL92,CHAPINERO,Centro oriental
(11597) BD-039A00_|K7 - CL94,CHAPINERO,Centro oriental
(11601) BD-005A00_|BD-005A00_GM,CHAPINERO,Centro oriental
(11675) BD-031A01|K7 - CL78,CHAPINERO,Centro oriental
(11702) BD-040A01|K7 - CL97A,CHAPINERO,Centro oriental
(11704) BD-030A01|K7 - CL79,CHAPINERO,Centro oriental
(11705) BD-047A01|K11 - CL78,CHAPINERO,Centro oriental
(11802) BD-033A00|K7-CL82,CHAPINERO,Centro oriental
(13048) BD-049A|K7 Cl100 N/S,CHAPINERO,Centro oriental
(13073) BD-005B|K7 - CL40 S/N B,CHAPINERO,Centro oriental
(13074) BD-017A|K7 - CL70A S/N A,CHAPINERO,Centro oriental
(13075) BD-019B|K7 - CL73 S/N B,CHAPINERO,Centro oriental
(13076) BD-006B|K7 - CL40 N/S B,CHAPINERO,Centro oriental
(13077) BD-012B|K7 - CL56 N/S B,CHAPINERO,Centro oriental
(13078) BD-014B|K7 - CL61 N/S B,CHAPINERO,Centro oriental
(13079) BD-016B|K7- CL66 N/S B,CHAPINERO,Centro oriental
(13080) BD-018A|K7 - CL71 N/S A,CHAPINERO,Centro oriental
(13081) BD-029A|K7 - CL74 N/S A,CHAPINERO,Centro oriental
(13636) BD-081A00|AC85 - KR16A,CHAPINERO,Centro oriental
(13637) BD-281A00|AC85 - AK11,CHAPINERO,Centro oriental
(13638) BD-282A00|AC85 - KR13,CHAPINERO,Centro oriental
(2304) HEROES,CHAPINERO,Centro oriental
(40004) Bicicletero Mirador del Paraíso,CHAPINERO,Centro oriental
(57309) 217A00_TM|217A00_Pq. P�blico La Reserva,CHAPINERO,Centro oriental
(57322) 224B00_TM|224B00_Br. Espartillal,CHAPINERO,Centro oriental
(57502) 297A00_TM|297A00_Embajada de Inglaterra,CHAPINERO,Centro oriental
(57583) 344A00_TM|344A00_Museo El Chic,CHAPINERO,Centro oriental
(57611) 363A00_TM|363A00_Br. La Cabrera,CHAPINERO,Centro oriental
(57613) 365A00_TM|365A00_Embajada de Italia,CHAPINERO,Centro oriental
(57615) 367A00_TM|367A00_Calle 74,CHAPINERO,Centro oriental
(57617) 371A00_TM|371A00_Academia Nacional de Medicina,CHAPINERO,Centro oriental
(57631) 387A00_TM|387A00_Br. Bosque Calder,CHAPINERO,Centro oriental
(57798) 819A00_TM|819A00_Br. Chapinero Central,CHAPINERO,Centro oriental
(71379),CHAPINERO,Centro oriental
(71379) BD-005A|K7 - CL40 S/N A,CHAPINERO,Centro oriental
(71380),CHAPINERO,Centro oriental
(71380) BD-007A|K7  -  CL45,CHAPINERO,Centro oriental
(71381),CHAPINERO,Centro oriental
(71381) BD-009A|K7 - CL50,CHAPINERO,Centro oriental
(71382),CHAPINERO,Centro oriental
(71382) BD-011A|K7 - CL57,CHAPINERO,Centro oriental
(71383),CHAPINERO,Centro oriental
(71383) BD-013A|K7 - CL61,CHAPINERO,Centro oriental
(71384),CHAPINERO,Centro oriental
(71384) BD-015A|K7 - CL66,CHAPINERO,Centro oriental
(71385),CHAPINERO,Centro oriental
(71385) BD-017B|K7 - CL70A S/N B,CHAPINERO,Centro oriental
(71386),CHAPINERO,Centro oriental
(71386) BD-019A|K7 - CL73 S/N A,CHAPINERO,Centro oriental
(71388),CHAPINERO,Centro oriental
(71388) BD-021A|K11 - CL70A,CHAPINERO,Centro oriental
(71389),CHAPINERO,Centro oriental
(71389) BD-022A|K13 - CL66,CHAPINERO,Centro oriental
(71390),CHAPINERO,Centro oriental
(71390) BD-023A|K13 - CL60,CHAPINERO,Centro oriental
(71391),CHAPINERO,Centro oriental
(71391) BD-024A|K13 - CL55,CHAPINERO,Centro oriental
(71392),CHAPINERO,Centro oriental
(71392) BD-025A|K13 - CL52,CHAPINERO,Centro oriental
(71394),CHAPINERO,Centro oriental
(71394) BD-027A|K13 - CL43A,CHAPINERO,Centro oriental
(71408),CHAPINERO,Centro oriental
(71408) BD-018B|K7 - CL71 N/S B,CHAPINERO,Centro oriental
(71409),CHAPINERO,Centro oriental
(71409) BD-016A|K7- CL66 N/S A,CHAPINERO,Centro oriental
(71410),CHAPINERO,Centro oriental
(71410) BD-014A|K7 - CL60 N/S A,CHAPINERO,Centro oriental
(71411),CHAPINERO,Centro oriental
(71411) BD-012A|K7 - CL55 N/S A,CHAPINERO,Centro oriental
(71412),CHAPINERO,Centro oriental
(71412) BD-010A|K7 - CL51,CHAPINERO,Centro oriental
(71413),CHAPINERO,Centro oriental
(71413) BD-008A|K7 - CL45,CHAPINERO,Centro oriental
(71414),CHAPINERO,Centro oriental
(71414) BD-006A|K7 - CL40 N/S A,CHAPINERO,Centro oriental
(71439),CHAPINERO,Centro oriental
(71439) BD-050A_SU|CL72 - K10,CHAPINERO,Centro oriental
(71471),CHAPINERO,Centro oriental
(71471) BD-051A_SU|CL76 - K11,CHAPINERO,Centro oriental
(71507),CHAPINERO,Centro oriental
(71507) BD-038A|K7  -  CL94,CHAPINERO,Centro oriental
(71508),CHAPINERO,Centro oriental
(71508) BD-036A|K7 - CL90,CHAPINERO,Centro oriental
(71509),CHAPINERO,Centro oriental
(71509) BD-034A|K7  -  CL86,CHAPINERO,Centro oriental
(71510),CHAPINERO,Centro oriental
(71510) BD-032A|K7  -  CL81,CHAPINERO,Centro oriental
(71511),CHAPINERO,Centro oriental
(71511) BD-029B|K7 - CL74 N/S B,CHAPINERO,Centro oriental
(71512),CHAPINERO,Centro oriental
(71514),CHAPINERO,Centro oriental
(71517) BD-042A|K11 - CL100,CHAPINERO,Centro oriental
(71518),CHAPINERO,Centro oriental
(71518) BD-043A|K11 - CL95,CHAPINERO,Centro oriental
(71519),CHAPINERO,Centro oriental
(71519) BD-044A|K11 - CL93,CHAPINERO,Centro oriental
(71520),CHAPINERO,Centro oriental
(71520) BD-045A|K11 - CL86A,CHAPINERO,Centro oriental
(71521),CHAPINERO,Centro oriental
(71521) BD-046A|K11 - CL82,CHAPINERO,Centro oriental
(71522),CHAPINERO,Centro oriental
(71522) BD-020A|K11  -  CL75,CHAPINERO,Centro oriental
(71595),CHAPINERO,Centro oriental
(71595) BD-035A01|K7 - CL87,CHAPINERO,Centro oriental
(71596),CHAPINERO,Centro oriental
(71596) BD-037A00_|K7 - CL92,CHAPINERO,Centro oriental
(71597),CHAPINERO,Centro oriental
(71597) BD-039A00_|K7 - CL94,CHAPINERO,Centro oriental
(71675),CHAPINERO,Centro oriental
(71675) BD-031A01|K7 - CL78,CHAPINERO,Centro oriental
(71702),CHAPINERO,Centro oriental
(71702) BD-040A01|K7 - CL97A,CHAPINERO,Centro oriental
(71704),CHAPINERO,Centro oriental
(71704) BD-030A|K7 - CL79,CHAPINERO,Centro oriental
(71705),CHAPINERO,Centro oriental
(71705) BD-047A01|K11 - CL78,CHAPINERO,Centro oriental
(71802),CHAPINERO,Centro oriental
(71802) BD-033A00|K7-CL82,CHAPINERO,Centro oriental
(73073),CHAPINERO,Centro oriental
(73073) BD-005B|K7 - CL40 S/N B,CHAPINERO,Centro oriental
(73074),CHAPINERO,Centro oriental
(73074) BD-017A|K7 - CL70A S/N A,CHAPINERO,Centro oriental
(73076),CHAPINERO,Centro oriental
(73076) BD-006B|K7 - CL40 N/S B,CHAPINERO,Centro oriental
(73077),CHAPINERO,Centro oriental
(73077) BD-012B|K7 - CL56 N/S B,CHAPINERO,Centro oriental
(73078),CHAPINERO,Centro oriental
(73078) BD-014B|K7 - CL61 N/S B,CHAPINERO,Centro oriental
(73079),CHAPINERO,Centro oriental
(73079) BD-016B|K7- CL66 N/S B,CHAPINERO,Centro oriental
(73080),CHAPINERO,Centro oriental
(73080) BD-018A|K7 - CL71 N/S A,CHAPINERO,Centro oriental
(73081),CHAPINERO,Centro oriental
(73081) BD-029A|K7 - CL74 N/S A,CHAPINERO,Centro oriental
(73636),CHAPINERO,Centro oriental
(73636) BD-081A00|AC85 - KR16A,CHAPINERO,Centro oriental
(73637),CHAPINERO,Centro oriental
(73637) BD-281A00|AC85 - AK11,CHAPINERO,Centro oriental
(73638),CHAPINERO,Centro oriental
(73638) BD-282A00|AC85 - KR13,CHAPINERO,Centro oriental
(07002) MADELENA,CIUDAD BOLÍVAR,Sur Occidental
(07010) Bosa,CIUDAD BOLÍVAR,Sur Occidental
(08100) Portal Tunal Cable,CIUDAD BOLÍVAR,Sur Occidental
(22000) Estación Virtual,CIUDAD BOLÍVAR,Sur Occidental
(40001) Juan Pablo II,CIUDAD BOLÍVAR,Sur Occidental
(40002) Manitas,CIUDAD BOLÍVAR,Sur Occidental
(40003) Mirador del Paraiso,CIUDAD BOLÍVAR,Sur Occidental
(04000) Cabecera Calle 80,ENGATIVÁ,Occidental
(04001) Quirigua,ENGATIVÁ,Occidental
(04002) Carrera 90,ENGATIVÁ,Occidental
(04003) Avenida Ciudad de Cali,ENGATIVÁ,Occidental
(04004) La Granja,ENGATIVÁ,Occidental
(04100) Carrera 77,ENGATIVÁ,Occidental
(04101) Minuto de Dios,ENGATIVÁ,Occidental
(04102) Avenida Boyaca,ENGATIVÁ,Occidental
(04103) Las Ferias,ENGATIVÁ,Occidental
(04104) Avenida 68,ENGATIVÁ,Occidental
(06002) Normandía,ENGATIVÁ,Occidental
(06100) Av. Rojas,ENGATIVÁ,Occidental
(06100) Av. Rojas – UNISALESIANA,ENGATIVÁ,Occidental
(12404) BD-396A04|AC80 - K119,ENGATIVÁ,Occidental
(12406) 146A04|AC80 - K107,ENGATIVÁ,Occidental
(12407) PA12407|AC 80 - K106,ENGATIVÁ,Occidental
(12410) BD-144A04|AC80 - K109A,ENGATIVÁ,Occidental
(12411) 140A04|AC80 - K111C,ENGATIVÁ,Occidental
(12412) 137A04|AC80 - K114,ENGATIVÁ,Occidental
(12413) PA12413|AC 80 - K114,ENGATIVÁ,Occidental
(12414) PA12414|AC 80 - K112A,ENGATIVÁ,Occidental
(12415) PA12415|AC 80 - K110,ENGATIVÁ,Occidental
(13235) PA13235|Portal Eldorado T-3A,ENGATIVÁ,Occidental
(13416) PA13416|Av. 68 B - 2,ENGATIVÁ,Occidental
(13719) PA13719|Av. 68 B - 1,ENGATIVÁ,Occidental
(13720) PA13720|Av. 68 B - 3,ENGATIVÁ,Occidental
(1852) K003|Av. Rojas C - 3,ENGATIVÁ,Occidental
(1881) K032|El Tiempo - Maloka B - 4,ENGATIVÁ,Occidental
(1904) 303A08_EE|303A08,ENGATIVÁ,Occidental
(1964) 101A10_SU|101A10,ENGATIVÁ,Occidental
(1993) San Victorino C - 1,ENGATIVÁ,Occidental
(50004) Corral Avenida Ciudad de Cali,ENGATIVÁ,Occidental
(61852),ENGATIVÁ,Occidental
(61852) K003|Av. Rojas C - 3,ENGATIVÁ,Occidental
(61881),ENGATIVÁ,Occidental
(61881) K032|El Tiempo - Maloka B - 4 ó 6,ENGATIVÁ,Occidental
(72404),ENGATIVÁ,Occidental
(72404) BD-396A04|AC80 - K119,ENGATIVÁ,Occidental
(72406),ENGATIVÁ,Occidental
(72406) 146A04|AC80 - K107,ENGATIVÁ,Occidental
(72407),ENGATIVÁ,Occidental
(72407) PA72407|AC 80 - K106,ENGATIVÁ,Occidental
(72410),ENGATIVÁ,Occidental
(72410) BD-144A04|AC80 - K109A,ENGATIVÁ,Occidental
(72411),ENGATIVÁ,Occidental
(72411) 140A04|AC80 - K111C,ENGATIVÁ,Occidental
(72412),ENGATIVÁ,Occidental
(72412) 137A04|AC80 - K114,ENGATIVÁ,Occidental
(72413),ENGATIVÁ,Occidental
(72413) PA72413|AC 80 - K114,ENGATIVÁ,Occidental
(72414),ENGATIVÁ,Occidental
(72414) PA72414|AC 80 - K112A,ENGATIVÁ,Occidental
(72415),ENGATIVÁ,Occidental
(72415) PA72415|AC 80 - K110,ENGATIVÁ,Occidental
(73223),ENGATIVÁ,Occidental
(73235),ENGATIVÁ,Occidental
(73235) PA73235|Portal Eldorado T-3A,ENGATIVÁ,Occidental
(73766),ENGATIVÁ,Occidental
(73766) PA13720|Av. 68 B - 3,ENGATIVÁ,Occidental
(73767),ENGATIVÁ,Occidental
(73767) PA13719|Av. 68 B - 1,ENGATIVÁ,Occidental
(06000) Portal Eldorado,FONTIBÓN,Occidental
(06001) Modelia,FONTIBÓN,Occidental
(06101) El Tiempo,FONTIBÓN,Occidental
(06101) El Tiempo - Camara de Comercio de Bogota,FONTIBÓN,Occidental
(11557) BD-194A05|CL26 - KR103,FONTIBÓN,Occidental
(11558) BD-379A05|CL26 - KR106,FONTIBÓN,Occidental
(11559) 377B05|Muelle Internacional,FONTIBÓN,Occidental
(11560) BD-377C05|Muelle Nacional,FONTIBÓN,Occidental
(11561) BD-382A06|CAC,FONTIBÓN,Occidental
(11562) BD-383A06|Aeron�ica Civil,FONTIBÓN,Occidental
(13236),FONTIBÓN,Occidental
(13239) PA13239|Portal Eldorado T-6A,FONTIBÓN,Occidental
(140) 380A05|Puente A�o,FONTIBÓN,Occidental
(1907) K058|Portal Eldorado T4,FONTIBÓN,Occidental
(50008) Corral Portal Dorado,FONTIBÓN,Occidental
(50426) 377C05_TM|377C05_Aeropuerto Eldorado,FONTIBÓN,Occidental
(53021) 075A06_TM|075A06_CIAC,FONTIBÓN,Occidental
(53037) 383A05_TM|383A05_Puente A�o,FONTIBÓN,Occidental
(58729) 377F05_TM|377F05_Aeropuerto Eldorado,FONTIBÓN,Occidental
(60140),FONTIBÓN,Occidental
(60140) 380A05|Puente Aéreo,FONTIBÓN,Occidental
(61853) K004|Av. Rojas C - 1,FONTIBÓN,Occidental
(61883),FONTIBÓN,Occidental
(61883) K034|El Tiempo - Maloka A - 2 ó 5,FONTIBÓN,Occidental
(71557),FONTIBÓN,Occidental
(71557) BD-194A05|CL26 - KR103,FONTIBÓN,Occidental
(71561),FONTIBÓN,Occidental
(71561) BD-382A06|CAC,FONTIBÓN,Occidental
(71562),FONTIBÓN,Occidental
(71562) BD-383A06|Aeronáutica Civil,FONTIBÓN,Occidental
(73236) PA73236|Portal Eldorado T-4,FONTIBÓN,Occidental
(73239),FONTIBÓN,Occidental
(73239) PA73239|Portal Eldorado T-6A,FONTIBÓN,Occidental
(73768),FONTIBÓN,Occidental
(73768) BD-379A05|CL26 - KR106,FONTIBÓN,Occidental
(73769) 382A06_TM |382A06_CAC,FONTIBÓN,Occidental
(73770) 383A06_TM |383A06_Aeronáutica Civil,FONTIBÓN,Occidental
(73771),FONTIBÓN,Occidental
(73771) BD-377B05|  Muelle Internacional,FONTIBÓN,Occidental
(05000) Portal Américas,KENNEDY,Occidental
(05001) Patio Bonito,KENNEDY,Occidental
(05002) Tintal,KENNEDY,Occidental
(05005) Transversal 86,KENNEDY,Occidental
(05100) Banderas P. Central,KENNEDY,Occidental
(05101) Mandalay - Cr.73,KENNEDY,Occidental
(05102) Av. Américas - Av. Boyacá,KENNEDY,Occidental
(05103) Marsella,KENNEDY,Occidental
(07003) SEVILLANA,KENNEDY,Occidental
(07004) VENECIA,KENNEDY,Occidental
(57503) 298A00_TM|298A00_Embajada de Paz de Colombia,KENNEDY,Occidental
(57503) Ampliacion San Mateo,KENNEDY,Occidental
(61687),KENNEDY,Occidental
(61690),KENNEDY,Occidental
(07200) Tygua-San José,LOS MÁRTIRES,Centro
(07201) Guatoque -Veraguas,LOS MÁRTIRES,Centro
(09108) Hospital,LOS MÁRTIRES,Centro
(09109) Tercer Milenio,LOS MÁRTIRES,Centro
(09111) Calle 19,LOS MÁRTIRES,Centro
(09113) Calle 22,LOS MÁRTIRES,Centro
(12003) Ricaurte,LOS MÁRTIRES,Centro
(12004) Carrera 22,LOS MÁRTIRES,Centro
(14001) La Sabana,LOS MÁRTIRES,Centro
(05105) Pradera,PUENTE ARANDA,Centro
(05105) Pradera – Plaza Central,PUENTE ARANDA,Centro
(05107) Américas - Cr.53,PUENTE ARANDA,Centro
(07005) ALQUERIA,PUENTE ARANDA,Centro
(07006) General Santander,PUENTE ARANDA,Centro
(07007) NQS - Calle 38A Sur,PUENTE ARANDA,Centro
(07008) NQS - Calle 30 Sur,PUENTE ARANDA,Centro
(07009) SENA,PUENTE ARANDA,Centro
(07109) CAD,PUENTE ARANDA,Centro
(07110) PALOQUEMAO,PUENTE ARANDA,Centro
(07111) NQS - RICAURTE,PUENTE ARANDA,Centro
(07112) COMUNEROS,PUENTE ARANDA,Centro
(07113) SANTA ISABEL,PUENTE ARANDA,Centro
(12000) Puente Aranda,PUENTE ARANDA,Centro
(12001) Carrera 43 - COMAPAN,PUENTE ARANDA,Centro
(12002) CDS - Carrera 32,PUENTE ARANDA,Centro
(12007) Zona Industrial,PUENTE ARANDA,Centro
(09001) Molinos,RAFAEL URIBE URIBE,Suroriental
(09002) Consuelo,RAFAEL URIBE URIBE,Suroriental
(09003) Socorro,RAFAEL URIBE URIBE,Suroriental
(09004) Santa Lucía,RAFAEL URIBE URIBE,Suroriental
(09005) Danubio,RAFAEL URIBE URIBE,Suroriental
(09100) Calle 40 Sur,RAFAEL URIBE URIBE,Suroriental
(09101) Quiroga,RAFAEL URIBE URIBE,Suroriental
(09103) Olaya,RAFAEL URIBE URIBE,Suroriental
(10001) Country Sur,RAFAEL URIBE URIBE,Suroriental
(11721) BD-A007A12|ESCUELA ARTILLERIA S-N,RAFAEL URIBE URIBE,Suroriental
(12920) PA12920|Country Sur B - 7,RAFAEL URIBE URIBE,Suroriental
(12921) PA12921|Country Sur B - 8,RAFAEL URIBE URIBE,Suroriental
(13718) PA13718|Provisional Molinos,RAFAEL URIBE URIBE,Suroriental
(1828) H057|Consuelo B - 4,RAFAEL URIBE URIBE,Suroriental
(1833) 037A06_ET|037A06,RAFAEL URIBE URIBE,Suroriental
(1940) L015|Country Sur B - 4,RAFAEL URIBE URIBE,Suroriental
(1941) L016|Country Sur B - 1,RAFAEL URIBE URIBE,Suroriental
(1942) L017|Country Sur A - 2,RAFAEL URIBE URIBE,Suroriental
(1943) 001A00_EE|001A00,RAFAEL URIBE URIBE,Suroriental
(2294) DN225|Consuelo A - 3,RAFAEL URIBE URIBE,Suroriental
(50003) Corral Molinos,RAFAEL URIBE URIBE,Suroriental
(61826) H055|Consuelo B - 1,RAFAEL URIBE URIBE,Suroriental
(61828),RAFAEL URIBE URIBE,Suroriental
(61828) H057|Consuelo B - 4,RAFAEL URIBE URIBE,Suroriental
(61940),RAFAEL URIBE URIBE,Suroriental
(61940) L015|Country Sur B - 4 ó 6,RAFAEL URIBE URIBE,Suroriental
(61941),RAFAEL URIBE URIBE,Suroriental
(61941) L016|Country Sur B - 1 ó 5,RAFAEL URIBE URIBE,Suroriental
(61942),RAFAEL URIBE URIBE,Suroriental
(61942) L017|Country Sur A - 2 ó 5,RAFAEL URIBE URIBE,Suroriental
(71721),RAFAEL URIBE URIBE,Suroriental
(71721) BD-A007A12|ESCUELA ARTILLERIA S-N,RAFAEL URIBE URIBE,Suroriental
(71722),RAFAEL URIBE URIBE,Suroriental
(71722) BD-A040A11|ESCUELA ARTILLERIA N-S,RAFAEL URIBE URIBE,Suroriental
(72921),RAFAEL URIBE URIBE,Suroriental
(72921) PA72921|Country Sur B - 8,RAFAEL URIBE URIBE,Suroriental
(73772),RAFAEL URIBE URIBE,Suroriental
(73772) PA13718|Provisional Molinos,RAFAEL URIBE URIBE,Suroriental
(10000) Portal 20 de Julio,SAN CRISTÓBAL,Suroriental
(10002) Av. Primero de Mayo,SAN CRISTÓBAL,Suroriental
(10004) Policarpa,SAN CRISTÓBAL,Suroriental
(1961) L036|Policarpa B - 4,SAN CRISTÓBAL,Suroriental
(1962) L037|Policarpa B - 1,SAN CRISTÓBAL,Suroriental
(1963) L038|Policarpa A - 2,SAN CRISTÓBAL,Suroriental
(1971) L046|PORTAL 20 DE JULIO T8,SAN CRISTÓBAL,Suroriental
(1973) L048|PORTAL 20 DE JULIO T10,SAN CRISTÓBAL,Suroriental
(1976) L051|Av. 1� de Mayo B - 3,SAN CRISTÓBAL,Suroriental
(1977) L052|Av. 1� de Mayo B - 4,SAN CRISTÓBAL,Suroriental
(61961),SAN CRISTÓBAL,Suroriental
(61961) L036|Policarpa B - 4 ó 6,SAN CRISTÓBAL,Suroriental
(61971),SAN CRISTÓBAL,Suroriental
(61971) L046|PORTAL 20 DE JULIO T8,SAN CRISTÓBAL,Suroriental
(61973),SAN CRISTÓBAL,Suroriental
(61973) L048|PORTAL 20 DE JULIO T10,SAN CRISTÓBAL,Suroriental
(61974) L049|Av. 1 de Mayo A - 3,SAN CRISTÓBAL,Suroriental
(61975) L050|AV. 1 de mayo A - 4 ó 6,SAN CRISTÓBAL,Suroriental
(61976),SAN CRISTÓBAL,Suroriental
(61976) L051|Av. 1 de Mayo B - 3,SAN CRISTÓBAL,Suroriental
(61976) L051|Av. 1º de Mayo B - 3,SAN CRISTÓBAL,Suroriental
(61977) L052|Av. 1 de Mayo B - 4 ó 6,SAN CRISTÓBAL,Suroriental
(61977) L052|Av. 1º de Mayo B - 4 ó 6,SAN CRISTÓBAL,Suroriental
(06111) Universidades,SANTA FE,Centro
(06111) Universidades – CityU,SANTA FE,Centro
(09110) Avenida Jimenez,SANTA FE,Centro
(09116) Avenida 39,SANTA FE,Centro
(10005) Bicentenario,SANTA FE,Centro
(10007) Las Nieves,SANTA FE,Centro
(10008) San Diego,SANTA FE,Centro
(10009) Museo Nacional,SANTA FE,Centro
(10009) Museo Nacional - FNG,SANTA FE,Centro
(10010) San Bernardo,SANTA FE,Centro
(11377) BD-001A|K7 - CL34,SANTA FE,Centro
(11378) BD-003A|K7 - CL37,SANTA FE,Centro
(11395) BD-028A|K13 - CL37,SANTA FE,Centro
(11415) BD-004A|K7 - CL36,SANTA FE,Centro
(11416) BD-002A|K7 - CL33,SANTA FE,Centro
(11423) Mus B - 4|Museo Nacional B - 4,SANTA FE,Centro
(11424) Mus B-1|Museo Nacional B - 1,SANTA FE,Centro
(12331) Mus A-7|Museo Nacional A - 7,SANTA FE,Centro
(12333) Mus B-7|Museo Nacional B - 7,SANTA FE,Centro
(12334) Mus B-8|Museo Nacional B - 8,SANTA FE,Centro
(12922) PA12922|San Diego A - 8,SANTA FE,Centro
(12924) PA12924|San Diego B - 7,SANTA FE,Centro
(14004) Museo del Oro,SANTA FE,Centro
(14005) Las Aguas,SANTA FE,Centro
(14005) Las Aguas - Centro Colombo Americano,SANTA FE,Centro
(1860) 391A06_ET|391A06,SANTA FE,Centro
(1926) L001|Bicentenario A - 3,SANTA FE,Centro
(1934) L009|Bicentenario B - 2,SANTA FE,Centro
(1935) L010|Bicentenario A - 1,SANTA FE,Centro
(1950) L025|San Bernardo B - 1,SANTA FE,Centro
(1984) L059|San Diego A - 3,SANTA FE,Centro
(1985) L060|San Diego B - 4,SANTA FE,Centro
(1986) L061|San Diego B - 1,SANTA FE,Centro
(1987) L062|San Diego A - 2,SANTA FE,Centro
(57803) 824A00_TM|824A00_Br. Samper,SANTA FE,Centro
(61396) A132|Calle 34 A - 4 ó 6,SANTA FE,Centro
(61926) L001|Bicentenario A - 3 ó 6,SANTA FE,Centro
(61928) L003|Bicentenario B - 4 ó 6,SANTA FE,Centro
(61934),SANTA FE,Centro
(61934) L009|Bicentenario B - 2 ó 5,SANTA FE,Centro
(61935),SANTA FE,Centro
(61935) L010|Bicentenario A - 1 ó 5,SANTA FE,Centro
(61984) L059|San Diego A - 3 ó 6,SANTA FE,Centro
(61985),SANTA FE,Centro
(61985) L060|San Diego B - 4 ó 6,SANTA FE,Centro
(61986) L061|San Diego B - 1 ó 5,SANTA FE,Centro
(61987),SANTA FE,Centro
(61987) L062|San Diego A - 2 ó 5,SANTA FE,Centro
(71377),SANTA FE,Centro
(71377) BD-001A|K7 - CL34,SANTA FE,Centro
(71378),SANTA FE,Centro
(71378) BD-003A|K7 - CL37,SANTA FE,Centro
(71395),SANTA FE,Centro
(71395) BD-028A|K13 - CL37,SANTA FE,Centro
(71415),SANTA FE,Centro
(71415) BD-004A|K7 - CL36,SANTA FE,Centro
(71416),SANTA FE,Centro
(71416) BD-002A|K7 - CL33,SANTA FE,Centro
(71423) Mus B - 4|Museo Nacional B - 4 ó 6,SANTA FE,Centro
(71424),SANTA FE,Centro
(71424) Mus B-1|Museo Nacional B - 1 ó 5,SANTA FE,Centro
(72331),SANTA FE,Centro
(72331) Mus A-7|Museo Nacional A - 7,SANTA FE,Centro
(72333),SANTA FE,Centro
(72333) Mus B-7|Museo Nacional B - 7,SANTA FE,Centro
(72334),SANTA FE,Centro
(72334) Mus B-8|Museo Nacional B - 8,SANTA FE,Centro
(02101) Toberin - Foundever,SUBA,Norte
(02105) Calle 142,SUBA,Norte
(02200) Alcalá,SUBA,Norte
(02200) Alcalá – Colegio S. Tomás Dominicos,SUBA,Norte
(02201) Prado,SUBA,Norte
(02202) Calle 127,SUBA,Norte
(03000) Portal Suba,SUBA,Norte
(03001) LA CAMPIÑA,SUBA,Norte
(03002) SUBA - TV- 91,SUBA,Norte
(03003) 21 ANGELES,SUBA,Norte
(03004) GRATAMIRA,SUBA,Norte
(03005) SUBA - AV. BOYACA,SUBA,Norte
(03006) NIZA - CALLE 127,SUBA,Norte
(03007) HUMEDAL CORDOBA,SUBA,Norte
(03009) Av. Suba- Calle 116,SUBA,Norte
(03010) PUENTE LARGO,SUBA,Norte
(03011) SUBA - CALLE 100,SUBA,Norte
(11474) 191B03_SUB|Av Suba - K110A,SUBA,Norte
(11475) 193B03|Av Suba - K114D,SUBA,Norte
(11476) 195B03_SUB|Av Suba - K110A,SUBA,Norte
(11640) PA11640|Av Suba - K 114G,SUBA,Norte
(1410) C001|21 �geles A - 3,SUBA,Norte
(1413) C004|21 �geles A - 2,SUBA,Norte
(1440) 320A01_CE|320A01,SUBA,Norte
(1441) C032|Puentelargo A - 2,SUBA,Norte
(1452) 247A01_CE|247A01,SUBA,Norte
(1480) 237A00_CE|237A00,SUBA,Norte
(1931) 118A05_EE|118A05,SUBA,Norte
(61410),SUBA,Norte
(61410) C001|21 Ángeles A - 3,SUBA,Norte
(61413),SUBA,Norte
(61413) C004|21 Ángeles A - 2,SUBA,Norte
(61431),SUBA,Norte
(61438),SUBA,Norte
(61438) C029|Puentelargo A - 3,SUBA,Norte
(61441),SUBA,Norte
(61441) C032|Puentelargo A - 2,SUBA,Norte
(71474),SUBA,Norte
(71474) 191B03_SUB|Av Suba - K110A,SUBA,Norte
(71475),SUBA,Norte
(71475) 193B03|Av Suba - K114D,SUBA,Norte
(71476),SUBA,Norte
(71476) 195B03_SUB|Av Suba - K110A.,SUBA,Norte
(06102) Salitre El Greco,TEUSAQUILLO,Centro oriental
(06103) CAN,TEUSAQUILLO,Centro oriental
(06104) Gobernación,TEUSAQUILLO,Centro oriental
(06105) Quinta Paredes,TEUSAQUILLO,Centro oriental
(06106) Recinto Ferial,TEUSAQUILLO,Centro oriental
(06107) Ciudad Universitaria - Loteria de Bogota,TEUSAQUILLO,Centro oriental
(06108) Concejo de Bogotá,TEUSAQUILLO,Centro oriental
(06109) Centro Memoria,TEUSAQUILLO,Centro oriental
(07105) MOVISTAR ARENA,TEUSAQUILLO,Centro oriental
(07106) EL CAMPIN,TEUSAQUILLO,Centro oriental
(07107) U. NACIONAL,TEUSAQUILLO,Centro oriental
(07108) Av. El Dorado,TEUSAQUILLO,Centro oriental
(09114) Calle 26,TEUSAQUILLO,Centro oriental
(09115) Calle 34,TEUSAQUILLO,Centro oriental
(09115) Calle 34 - Fondo Nacional de Garantias,TEUSAQUILLO,Centro oriental
(1856) K007|CAN A - 3,TEUSAQUILLO,Centro oriental
(1876) K027|Corferias A - 3,TEUSAQUILLO,Centro oriental
(1884) K035|Gobernaci� - 3,TEUSAQUILLO,Centro oriental
(1885) 491A08_ET|491A08,TEUSAQUILLO,Centro oriental
(1899) K050|Concejo de Bogot� - 4,TEUSAQUILLO,Centro oriental
(1911) K062|Quinta Paredes B - 4,TEUSAQUILLO,Centro oriental
(61856),TEUSAQUILLO,Centro oriental
(61856) K007|CAN A - 3 ó 6,TEUSAQUILLO,Centro oriental
(61859) K010|CAN A - 2 ó 5,TEUSAQUILLO,Centro oriental
(61867) K018|Centro Memoria A - 2 ó 5,TEUSAQUILLO,Centro oriental
(61876) K027|Corferias A - 3 ó 6,TEUSAQUILLO,Centro oriental
(61879) K030|Corferias A - 2 ó 5,TEUSAQUILLO,Centro oriental
(61884) K035|Gobernación A - 3 ó 6,TEUSAQUILLO,Centro oriental
(61899),TEUSAQUILLO,Centro oriental
(61899) K050|Concejo de Bogotá B - 4 ó 6,TEUSAQUILLO,Centro oriental
(61901) K052|Concejo de Bogotá B - 2 ó 5,TEUSAQUILLO,Centro oriental
(61911),TEUSAQUILLO,Centro oriental
(61911) K062|Quinta Paredes B - 4 ó 6,TEUSAQUILLO,Centro oriental
(61912) K063|Quinta Paredes B -1 ó 5,TEUSAQUILLO,Centro oriental
(61914) K065T|Salitre - El Greco A - 3 ó 6,TEUSAQUILLO,Centro oriental
(61917) K068T|Salitre - El Greco A - 2 ó 5,TEUSAQUILLO,Centro oriental
(62304) DN235|Gobernación A - 2 ó 5,TEUSAQUILLO,Centro oriental
(08000) Portal Tunal,TUNJUELITO,Sur Occidental
(08001) Parque el Tunal,TUNJUELITO,Sur Occidental
(08002) Biblioteca,TUNJUELITO,Sur Occidental
(40000) Cable Portal Tunal,TUNJUELITO,Sur Occidental
(02000) Cabecera Autopista Norte,USAQUÉN,Norte
(02001) Centro Comercial Santa Fe,USAQUÉN,Norte
(02102) Calle 161,USAQUÉN,Norte
(02103) Mazurén,USAQUÉN,Norte
(02104) Calle 146,USAQUÉN,Norte
(02204) Pepe Sierra,USAQUÉN,Norte
(02205) Calle 106,USAQUÉN,Norte
(02502) Terminal,USAQUÉN,Norte
(11504) BD-170A01_|K7 - CL117,USAQUÉN,Norte
(11505) BD-168A01|K7  -  CL114,USAQUÉN,Norte
(11506) BD-049A01|K7  -  CL101,USAQUÉN,Norte
(11598) BD-041A01_|K7 - CL100,USAQUÉN,Norte
(11599) BD-048A01|K7 - CL114,USAQUÉN,Norte
(11676) BD-052A01|K7 - CL106,USAQUÉN,Norte
(11677) K7 -  CL106,USAQUÉN,Norte
(11678) BD-053A01|K7 - CL110,USAQUÉN,Norte
(11679) K7  - CL110A,USAQUÉN,Norte
(11681) BD-055A01|K7 - CL116,USAQUÉN,Norte
(11682) K7 -  CL119B,USAQUÉN,Norte
(11683) BD-057A01|K7 - CL119B,USAQUÉN,Norte
(11684) BD-059A01|K7 - CL124,USAQUÉN,Norte
(11685) K7  - CL124,USAQUÉN,Norte
(11686) BD-061A01|K7 - CL127B,USAQUÉN,Norte
(11687) K7  - CL127B,USAQUÉN,Norte
(11688) BD-063A01|K7 - CL130,USAQUÉN,Norte
(11690) BD-065A01|CL134 - K7,USAQUÉN,Norte
(11691) 245A01|K7 - CL134,USAQUÉN,Norte
(11692) BD-064A01|K7 - CL132,USAQUÉN,Norte
(11693) K7 -  CL127B,USAQUÉN,Norte
(11694) BD-062A01|K7  -  CL127B,USAQUÉN,Norte
(11695) K7 -  CL124,USAQUÉN,Norte
(11696) BD-060A01|K7  -  CL124,USAQUÉN,Norte
(11697) BD-058B|K7 - CL118 N/S B,USAQUÉN,Norte
(11699) BD-056B|K7 - CL116 N/S B,USAQUÉN,Norte
(11700) K7 -  CL110,USAQUÉN,Norte
(11701) BD-054A01|K7  -  CL110,USAQUÉN,Norte
(11706) 048A01|K7  - CL106,USAQUÉN,Norte
(13049) BD-162B01|Calle 100 - Kra 8,USAQUÉN,Norte
(13082) BD-056A|K7 - CL116 S/N A,USAQUÉN,Norte
(13083) BD-058A|K7 - CL118 N/S A,USAQUÉN,Norte
(1514) 171A01_CE|171A01,USAQUÉN,Norte
(1532) 228A01_CE|228A01_,USAQUÉN,Norte
(56452) 123A01_TM|123A01_Instituto Carlos Ardila L�lle,USAQUÉN,Norte
(56547) 164A01_TM|164A01_IED General Santander (Br. El Pedregal),USAQUÉN,Norte
(56550) 165B01_TM|165B01_Escuela de Caballer,USAQUÉN,Norte
(56555) 168A01_TM|168A01_C.C. Hacienda Santa B�ara,USAQUÉN,Norte
(56778) 249A01_TM|249A01_Pq. Ginebra,USAQUÉN,Norte
(56782) 251A01_TM|251A01_Br. Bella Suiza,USAQUÉN,Norte
(71504) BD-170A01_|K7 - CL117,USAQUÉN,Norte
(71506),USAQUÉN,Norte
(71506) BD-049A01|K7  -  CL101,USAQUÉN,Norte
(71598),USAQUÉN,Norte
(71598) BD-041A01_|K7 - CL100,USAQUÉN,Norte
(71676),USAQUÉN,Norte
(71676) BD-052A01|K7 - CL106,USAQUÉN,Norte
(71678),USAQUÉN,Norte
(71678) BD-053A01|K7 - CL110,USAQUÉN,Norte
(71681),USAQUÉN,Norte
(71681) BD-055A01|K7 - CL116,USAQUÉN,Norte
(71683),USAQUÉN,Norte
(71683) BD-057A01|K7 - CL119B,USAQUÉN,Norte
(71684),USAQUÉN,Norte
(71684) BD-059A01|K7 - CL124,USAQUÉN,Norte
(71685) 175A01|K7  - CL124,USAQUÉN,Norte
(71686),USAQUÉN,Norte
(71686) BD-061A01|K7 - CL127B,USAQUÉN,Norte
(71688),USAQUÉN,Norte
(71688) BD-063A01|K7 - CL130,USAQUÉN,Norte
(71690),USAQUÉN,Norte
(71690) BD-065A01|CL134 - K7,USAQUÉN,Norte
(71692),USAQUÉN,Norte
(71692) BD-064A01|K7 - CL132,USAQUÉN,Norte
(71693) 249A01|K7 -  CL127B,USAQUÉN,Norte
(71694),USAQUÉN,Norte
(71694) BD-062A01|K7  -  CL127B,USAQUÉN,Norte
(71696),USAQUÉN,Norte
(71696) BD-060A01|K7  -  CL124,USAQUÉN,Norte
(71697),USAQUÉN,Norte
(71697) BD-058B|K7 - CL118 N/S B,USAQUÉN,Norte
(71699),USAQUÉN,Norte
(71699) BD-056B|K7 - CL116 N/S B,USAQUÉN,Norte
(71701),USAQUÉN,Norte
(71701) BD-054A01|K7  -  CL110,USAQUÉN,Norte
(71706),USAQUÉN,Norte
(71706) 048A01|K7  - CL106,USAQUÉN,Norte
(73048) BD-049A|K7 Cl100 N/S,USAQUÉN,Norte
(73049),USAQUÉN,Norte
(73049) BD-162B01|Calle 100 - Kra 8,USAQUÉN,Norte
(73082),USAQUÉN,Norte
(73082) BD-056A|K7 - CL116 N/S A,USAQUÉN,Norte
(73083),USAQUÉN,Norte
(73083) BD-058A|K7 - CL118 N/S A,USAQUÉN,Norte
(09000) Cabecera Usme,USME,Suroriental
(11739) 009A12|Av. Caracas - CL65 Sur,USME,Suroriental
(13228) BD-066A|CL67D Sur - Av Caracas,USME,Suroriental
(13229) BD-011A12|Av. Caracas - CL67A Bis Sur,USME,Suroriental
(13230) BD-010B|Av. Caracas - CL67A Sur,USME,Suroriental
(53253) 010B12_TM|010B12_C.C. Altavista,USME,Suroriental
(73230),USME,Suroriental
(73230) BD-010B|Av. Caracas - CL67A Sur,USME,Suroriental
(73763),USME,Suroriental
(73763) BD-066A|CL67D Sur - Av Caracas,USME,Suroriental
(73764),USME,Suroriental
(73764) 009A12 |Av. Caracas - CL65 Sur,USME,Suroriental
